image,pseudo_label,kmeans_label,match
0A.tif,1,1,True
0B.tif,1,1,True
1000A.tif,0,0,True
1000B.tif,0,0,True
1001A.tif,1,1,True
1001B.tif,1,1,True
1002A.tif,0,0,True
1002B.tif,1,1,True
1003A.tif,1,1,True
1003B.tif,1,1,True
1004A.tif,1,0,False
1004B.tif,1,0,False
1005A.tif,1,1,True
1005B.tif,1,1,True
1006A.tif,1,0,False
1006B.tif,0,0,True
1007A.tif,1,1,True
1007B.tif,1,1,True
1008A.tif,1,1,True
1008B.tif,1,1,True
1009A.tif,0,0,True
1009B.tif,0,0,True
100A.tif,1,1,True
100B.tif,1,0,False
1010A.tif,1,1,True
1010B.tif,1,1,True
1011A.tif,0,0,True
1011B.tif,0,0,True
1012A.tif,0,0,True
1012B.tif,1,0,False
1013A.tif,1,1,True
1013B.tif,1,1,True
1014A.tif,1,1,True
1014B.tif,1,0,False
1015A.tif,1,1,True
1015B.tif,1,0,False
1016A.tif,0,0,True
1016B.tif,0,0,True
1017A.tif,0,0,True
1017B.tif,0,0,True
1018A.tif,1,0,False
1018B.tif,1,0,False
1019A.tif,1,0,False
1019B.tif,1,0,False
101A.tif,0,0,True
101B.tif,0,0,True
1020A.tif,1,1,True
1020B.tif,1,1,True
1021A.tif,0,0,True
1021B.tif,0,0,True
1022A.tif,1,1,True
1022B.tif,1,0,False
1023A.tif,0,0,True
1023B.tif,0,0,True
1024A.tif,1,1,True
1024B.tif,1,1,True
1025A.tif,1,1,True
1025B.tif,1,1,True
1026A.tif,0,0,True
1026B.tif,1,1,True
1027A.tif,0,0,True
1027B.tif,0,0,True
1028A.tif,0,0,True
1028B.tif,0,0,True
1029A.tif,1,1,True
1029B.tif,1,1,True
102A.tif,1,0,False
102B.tif,1,0,False
1030A.tif,1,1,True
1030B.tif,1,0,False
1031A.tif,1,0,False
1031B.tif,1,0,False
1032A.tif,1,0,False
1032B.tif,0,0,True
1033A.tif,1,0,False
1033B.tif,1,0,False
1034A.tif,0,0,True
1034B.tif,0,0,True
1035A.tif,1,1,True
1035B.tif,1,1,True
1036A.tif,0,0,True
1036B.tif,0,0,True
1037A.tif,1,0,False
1037B.tif,1,0,False
1038A.tif,1,0,False
1038B.tif,1,0,False
1039A.tif,1,1,True
1039B.tif,1,1,True
103A.tif,1,1,True
103B.tif,1,1,True
1040A.tif,0,0,True
1040B.tif,1,0,False
1041A.tif,0,0,True
1041B.tif,0,0,True
1042A.tif,1,1,True
1042B.tif,1,1,True
1043A.tif,1,0,False
1043B.tif,0,0,True
1044A.tif,1,0,False
1044B.tif,1,1,True
1045A.tif,1,1,True
1045B.tif,1,1,True
1046A.tif,1,1,True
1046B.tif,1,0,False
1047A.tif,1,1,True
1047B.tif,0,0,True
1048A.tif,0,0,True
1048B.tif,0,0,True
1049A.tif,1,0,False
1049B.tif,1,1,True
104A.tif,0,0,True
104B.tif,0,0,True
1050A.tif,0,0,True
1050B.tif,0,0,True
1051A.tif,1,1,True
1051B.tif,1,1,True
1052A.tif,1,0,False
1052B.tif,1,1,True
1053A.tif,1,1,True
1053B.tif,1,1,True
1054A.tif,1,0,False
1054B.tif,1,1,True
1055A.tif,1,0,False
1055B.tif,1,0,False
1056A.tif,0,0,True
1056B.tif,0,0,True
1057A.tif,0,0,True
1057B.tif,0,0,True
1058A.tif,1,1,True
1058B.tif,1,0,False
1059A.tif,1,0,False
1059B.tif,1,0,False
105A.tif,1,0,False
105B.tif,1,0,False
1060A.tif,1,0,False
1060B.tif,0,0,True
1061A.tif,1,0,False
1061B.tif,1,1,True
1062A.tif,1,1,True
1062B.tif,1,0,False
1063A.tif,1,1,True
1063B.tif,1,1,True
1064A.tif,1,1,True
1064B.tif,1,1,True
1065A.tif,1,1,True
1065B.tif,0,0,True
1066A.tif,1,0,False
1066B.tif,1,1,True
1067A.tif,0,0,True
1067B.tif,1,0,False
1068A.tif,1,1,True
1068B.tif,1,1,True
1069A.tif,1,1,True
1069B.tif,1,1,True
106A.tif,1,1,True
106B.tif,1,1,True
1070A.tif,1,1,True
1070B.tif,1,0,False
1071A.tif,1,1,True
1071B.tif,1,1,True
1072A.tif,0,0,True
1072B.tif,1,0,False
1073A.tif,1,0,False
1073B.tif,1,0,False
1074A.tif,1,0,False
1074B.tif,1,0,False
1075A.tif,1,1,True
1075B.tif,1,1,True
1076A.tif,0,0,True
1076B.tif,0,0,True
1077A.tif,1,0,False
1077B.tif,1,1,True
1078A.tif,1,0,False
1078B.tif,1,0,False
1079A.tif,0,0,True
1079B.tif,0,0,True
107A.tif,1,0,False
107B.tif,1,1,True
1080A.tif,1,1,True
1080B.tif,1,1,True
1081A.tif,0,0,True
1081B.tif,0,0,True
1082A.tif,0,0,True
1082B.tif,0,0,True
1083A.tif,1,1,True
1083B.tif,0,0,True
1084A.tif,1,0,False
1084B.tif,1,0,False
1085A.tif,1,1,True
1085B.tif,1,1,True
1086A.tif,1,1,True
1086B.tif,1,1,True
1087A.tif,1,0,False
1087B.tif,1,0,False
1088A.tif,0,0,True
1088B.tif,1,0,False
1089A.tif,1,1,True
1089B.tif,1,1,True
108A.tif,1,1,True
108B.tif,1,1,True
1090A.tif,1,0,False
1090B.tif,1,0,False
1091A.tif,0,0,True
1091B.tif,0,0,True
1092A.tif,1,1,True
1092B.tif,0,0,True
1093A.tif,1,1,True
1093B.tif,1,1,True
1094A.tif,1,1,True
1094B.tif,1,1,True
1095A.tif,1,1,True
1095B.tif,1,1,True
1096A.tif,1,0,False
1096B.tif,1,0,False
1097A.tif,1,0,False
1097B.tif,1,0,False
1098A.tif,1,1,True
1098B.tif,1,1,True
1099A.tif,1,1,True
1099B.tif,1,1,True
109A.tif,1,1,True
109B.tif,1,0,False
10A.tif,1,0,False
10B.tif,1,0,False
110A.tif,1,1,True
110B.tif,1,1,True
111A.tif,1,1,True
111B.tif,1,1,True
112A.tif,0,0,True
112B.tif,0,0,True
113A.tif,1,0,False
113B.tif,1,0,False
114A.tif,0,0,True
114B.tif,1,0,False
115A.tif,1,0,False
115B.tif,1,1,True
116A.tif,0,0,True
116B.tif,1,0,False
117A.tif,1,0,False
117B.tif,1,1,True
118A.tif,1,1,True
118B.tif,1,1,True
119A.tif,1,0,False
119B.tif,1,0,False
11A.tif,1,1,True
11B.tif,1,0,False
120A.tif,1,0,False
120B.tif,1,0,False
121A.tif,0,0,True
121B.tif,0,0,True
122A.tif,1,1,True
122B.tif,1,1,True
123A.tif,1,0,False
123B.tif,1,0,False
124A.tif,1,0,False
124B.tif,0,0,True
125A.tif,1,0,False
125B.tif,1,0,False
126A.tif,1,1,True
126B.tif,1,0,False
127A.tif,1,1,True
127B.tif,1,1,True
128A.tif,1,1,True
128B.tif,1,1,True
129A.tif,1,1,True
129B.tif,1,1,True
12A.tif,1,0,False
12B.tif,1,0,False
130A.tif,1,1,True
130B.tif,1,1,True
131A.tif,0,0,True
131B.tif,0,0,True
132A.tif,1,0,False
132B.tif,1,0,False
133A.tif,1,1,True
133B.tif,1,1,True
134A.tif,1,1,True
134B.tif,1,1,True
135A.tif,1,0,False
135B.tif,1,0,False
136A.tif,1,1,True
136B.tif,1,1,True
137A.tif,0,0,True
137B.tif,0,0,True
138A.tif,1,1,True
138B.tif,1,1,True
139A.tif,1,0,False
139B.tif,1,0,False
13A.tif,1,1,True
13B.tif,1,1,True
140A.tif,1,1,True
140B.tif,1,1,True
141A.tif,1,1,True
141B.tif,1,1,True
142A.tif,0,0,True
142B.tif,0,0,True
143A.tif,1,0,False
143B.tif,1,0,False
144A.tif,1,0,False
144B.tif,0,0,True
145A.tif,0,0,True
145B.tif,0,0,True
146A.tif,1,0,False
146B.tif,1,1,True
147A.tif,1,1,True
147B.tif,1,1,True
148A.tif,1,1,True
148B.tif,1,1,True
149A.tif,1,1,True
149B.tif,1,1,True
14A.tif,0,0,True
14B.tif,0,0,True
150A.tif,1,0,False
150B.tif,1,0,False
151A.tif,0,0,True
151B.tif,0,0,True
152A.tif,1,1,True
152B.tif,1,1,True
153A.tif,1,0,False
153B.tif,1,0,False
154A.tif,1,1,True
154B.tif,1,0,False
155A.tif,1,0,False
155B.tif,1,0,False
156A.tif,1,1,True
156B.tif,1,1,True
157A.tif,0,0,True
157B.tif,0,0,True
158A.tif,1,1,True
158B.tif,1,1,True
159A.tif,1,1,True
159B.tif,1,0,False
15A.tif,1,1,True
15B.tif,1,1,True
160A.tif,0,0,True
160B.tif,0,0,True
161A.tif,1,1,True
161B.tif,1,1,True
162A.tif,1,1,True
162B.tif,1,1,True
163A.tif,0,0,True
163B.tif,0,0,True
164A.tif,1,0,False
164B.tif,0,0,True
165A.tif,1,1,True
165B.tif,1,1,True
166A.tif,0,0,True
166B.tif,0,0,True
167A.tif,1,1,True
167B.tif,1,0,False
168A.tif,1,0,False
168B.tif,1,0,False
169A.tif,1,1,True
169B.tif,1,1,True
16A.tif,1,0,False
16B.tif,1,0,False
170A.tif,1,0,False
170B.tif,1,0,False
171A.tif,1,0,False
171B.tif,1,0,False
172A.tif,0,0,True
172B.tif,0,0,True
173A.tif,1,0,False
173B.tif,1,0,False
174A.tif,0,0,True
174B.tif,1,0,False
175A.tif,0,0,True
175B.tif,0,0,True
176A.tif,1,1,True
176B.tif,1,1,True
177A.tif,0,0,True
177B.tif,0,0,True
178A.tif,1,0,False
178B.tif,0,0,True
179A.tif,1,0,False
179B.tif,1,0,False
17A.tif,1,1,True
17B.tif,1,1,True
180A.tif,1,1,True
180B.tif,1,1,True
181A.tif,1,0,False
181B.tif,0,0,True
182A.tif,1,0,False
182B.tif,1,0,False
183A.tif,0,0,True
183B.tif,0,0,True
184A.tif,1,1,True
184B.tif,1,1,True
185A.tif,1,1,True
185B.tif,1,1,True
186A.tif,0,0,True
186B.tif,0,0,True
187A.tif,1,1,True
187B.tif,1,0,False
188A.tif,1,0,False
188B.tif,1,0,False
189A.tif,1,0,False
189B.tif,0,0,True
18A.tif,0,0,True
18B.tif,0,0,True
190A.tif,1,1,True
190B.tif,0,0,True
191A.tif,1,1,True
191B.tif,1,1,True
192A.tif,1,1,True
192B.tif,1,1,True
193A.tif,0,0,True
193B.tif,0,0,True
194A.tif,1,0,False
194B.tif,1,0,False
195A.tif,0,0,True
195B.tif,0,0,True
196A.tif,0,0,True
196B.tif,0,0,True
197A.tif,0,0,True
197B.tif,0,0,True
198A.tif,1,0,False
198B.tif,1,1,True
199A.tif,0,0,True
199B.tif,1,0,False
19A.tif,1,0,False
19B.tif,0,0,True
1A.tif,0,0,True
1B.tif,0,0,True
200A.tif,0,0,True
200B.tif,1,1,True
201A.tif,1,1,True
201B.tif,1,1,True
202A.tif,1,0,False
202B.tif,1,0,False
203A.tif,1,0,False
203B.tif,0,0,True
204A.tif,1,0,False
204B.tif,1,0,False
205A.tif,1,0,False
205B.tif,0,0,True
206A.tif,1,0,False
206B.tif,1,0,False
207A.tif,0,0,True
207B.tif,0,0,True
208A.tif,1,1,True
208B.tif,1,1,True
209A.tif,1,1,True
209B.tif,1,1,True
20A.tif,1,1,True
20B.tif,1,1,True
210A.tif,0,0,True
210B.tif,0,0,True
211A.tif,1,1,True
211B.tif,1,1,True
212A.tif,1,1,True
212B.tif,1,1,True
213A.tif,1,1,True
213B.tif,1,1,True
214A.tif,0,0,True
214B.tif,0,0,True
215A.tif,0,0,True
215B.tif,0,0,True
216A.tif,0,0,True
216B.tif,0,0,True
217A.tif,1,0,False
217B.tif,1,1,True
218A.tif,1,0,False
218B.tif,1,0,False
219A.tif,0,0,True
219B.tif,0,0,True
21A.tif,0,0,True
21B.tif,0,0,True
220A.tif,1,0,False
220B.tif,0,0,True
221A.tif,1,0,False
221B.tif,1,1,True
222A.tif,1,0,False
222B.tif,1,0,False
223A.tif,0,0,True
223B.tif,0,0,True
224A.tif,1,0,False
224B.tif,1,0,False
225A.tif,1,1,True
225B.tif,1,1,True
226A.tif,1,0,False
226B.tif,1,0,False
227A.tif,1,1,True
227B.tif,1,1,True
228A.tif,1,1,True
228B.tif,1,1,True
229A.tif,0,0,True
229B.tif,0,0,True
22A.tif,0,0,True
22B.tif,0,0,True
230A.tif,0,0,True
230B.tif,0,0,True
231A.tif,1,1,True
231B.tif,1,1,True
232A.tif,0,0,True
232B.tif,0,0,True
233A.tif,1,1,True
233B.tif,1,1,True
234A.tif,1,0,False
234B.tif,1,0,False
235A.tif,0,0,True
235B.tif,1,0,False
236A.tif,1,0,False
236B.tif,1,0,False
237A.tif,1,0,False
237B.tif,1,1,True
238A.tif,0,0,True
238B.tif,1,0,False
239A.tif,1,1,True
239B.tif,1,1,True
23A.tif,1,1,True
23B.tif,1,1,True
240A.tif,1,0,False
240B.tif,1,1,True
241A.tif,1,0,False
241B.tif,1,0,False
242A.tif,1,1,True
242B.tif,1,1,True
243A.tif,1,0,False
243B.tif,1,1,True
244A.tif,0,0,True
244B.tif,1,0,False
245A.tif,0,0,True
245B.tif,0,0,True
246A.tif,1,1,True
246B.tif,1,1,True
247A.tif,1,1,True
247B.tif,1,0,False
248A.tif,1,0,False
248B.tif,1,0,False
249A.tif,1,1,True
249B.tif,1,1,True
24A.tif,1,0,False
24B.tif,1,0,False
250A.tif,1,0,False
250B.tif,0,0,True
251A.tif,0,0,True
251B.tif,0,0,True
252A.tif,1,0,False
252B.tif,1,0,False
253A.tif,1,1,True
253B.tif,1,1,True
254A.tif,0,0,True
254B.tif,0,0,True
255A.tif,1,1,True
255B.tif,1,1,True
256A.tif,0,0,True
256B.tif,0,0,True
257A.tif,0,0,True
257B.tif,0,0,True
258A.tif,1,1,True
258B.tif,1,1,True
259A.tif,1,0,False
259B.tif,1,0,False
25A.tif,1,1,True
25B.tif,1,1,True
260A.tif,1,1,True
260B.tif,1,1,True
261A.tif,0,0,True
261B.tif,0,0,True
262A.tif,1,1,True
262B.tif,1,1,True
263A.tif,1,1,True
263B.tif,1,1,True
264A.tif,1,1,True
264B.tif,1,1,True
265A.tif,1,1,True
265B.tif,1,1,True
266A.tif,1,1,True
266B.tif,0,0,True
267A.tif,0,0,True
267B.tif,0,0,True
268A.tif,0,0,True
268B.tif,0,0,True
269A.tif,1,1,True
269B.tif,1,0,False
26A.tif,1,0,False
26B.tif,1,0,False
270A.tif,1,0,False
270B.tif,0,0,True
271A.tif,1,0,False
271B.tif,1,0,False
272A.tif,0,0,True
272B.tif,0,0,True
273A.tif,1,1,True
273B.tif,1,1,True
274A.tif,1,1,True
274B.tif,1,1,True
275A.tif,1,0,False
275B.tif,1,1,True
276A.tif,1,1,True
276B.tif,1,1,True
277A.tif,0,0,True
277B.tif,0,0,True
278A.tif,1,1,True
278B.tif,1,1,True
279A.tif,0,0,True
279B.tif,1,0,False
27A.tif,1,1,True
27B.tif,1,1,True
280A.tif,1,1,True
280B.tif,1,1,True
281A.tif,1,1,True
281B.tif,1,1,True
282A.tif,1,1,True
282B.tif,1,1,True
283A.tif,1,1,True
283B.tif,1,0,False
284A.tif,1,1,True
284B.tif,1,1,True
285A.tif,1,1,True
285B.tif,1,0,False
286A.tif,0,0,True
286B.tif,0,0,True
287A.tif,0,0,True
287B.tif,1,0,False
288A.tif,1,0,False
288B.tif,1,0,False
289A.tif,1,1,True
289B.tif,1,0,False
28A.tif,0,0,True
28B.tif,1,0,False
290A.tif,1,0,False
290B.tif,0,0,True
291A.tif,1,1,True
291B.tif,1,0,False
292A.tif,1,0,False
292B.tif,1,0,False
293A.tif,1,1,True
293B.tif,1,1,True
294A.tif,0,0,True
294B.tif,0,0,True
295A.tif,0,0,True
295B.tif,1,1,True
296A.tif,1,1,True
296B.tif,1,1,True
297A.tif,0,0,True
297B.tif,0,0,True
298A.tif,1,1,True
298B.tif,1,0,False
299A.tif,1,1,True
299B.tif,1,1,True
29A.tif,1,1,True
29B.tif,1,1,True
2A.tif,0,0,True
2B.tif,0,0,True
300A.tif,1,1,True
300B.tif,0,0,True
301A.tif,1,0,False
301B.tif,1,0,False
302A.tif,1,0,False
302B.tif,1,1,True
303A.tif,1,0,False
303B.tif,1,1,True
304A.tif,1,1,True
304B.tif,1,1,True
305A.tif,1,1,True
305B.tif,1,1,True
306A.tif,1,1,True
306B.tif,1,1,True
307A.tif,0,0,True
307B.tif,0,0,True
308A.tif,0,0,True
308B.tif,1,0,False
309A.tif,1,1,True
309B.tif,1,0,False
30A.tif,1,0,False
30B.tif,1,1,True
310A.tif,1,1,True
310B.tif,1,1,True
311A.tif,0,0,True
311B.tif,1,1,True
312A.tif,1,0,False
312B.tif,1,0,False
313A.tif,1,1,True
313B.tif,1,1,True
314A.tif,1,1,True
314B.tif,1,1,True
315A.tif,0,0,True
315B.tif,0,0,True
316A.tif,0,0,True
316B.tif,0,0,True
317A.tif,1,1,True
317B.tif,1,1,True
318A.tif,1,1,True
318B.tif,1,1,True
319A.tif,0,0,True
319B.tif,0,0,True
31A.tif,1,1,True
31B.tif,1,1,True
320A.tif,1,1,True
320B.tif,1,1,True
321A.tif,0,0,True
321B.tif,0,0,True
322A.tif,0,0,True
322B.tif,1,0,False
323A.tif,1,1,True
323B.tif,1,1,True
324A.tif,1,1,True
324B.tif,1,1,True
325A.tif,1,1,True
325B.tif,1,1,True
326A.tif,1,1,True
326B.tif,1,1,True
327A.tif,1,0,False
327B.tif,0,0,True
328A.tif,1,1,True
328B.tif,1,1,True
329A.tif,1,1,True
329B.tif,1,1,True
32A.tif,1,1,True
32B.tif,0,0,True
330A.tif,1,0,False
330B.tif,1,0,False
331A.tif,0,0,True
331B.tif,1,1,True
332A.tif,0,0,True
332B.tif,0,0,True
333A.tif,0,0,True
333B.tif,0,0,True
334A.tif,0,0,True
334B.tif,0,0,True
335A.tif,1,1,True
335B.tif,1,0,False
336A.tif,1,1,True
336B.tif,1,1,True
337A.tif,1,0,False
337B.tif,1,0,False
338A.tif,1,1,True
338B.tif,1,1,True
339A.tif,1,1,True
339B.tif,1,1,True
33A.tif,1,1,True
33B.tif,1,1,True
340A.tif,1,0,False
340B.tif,1,0,False
341A.tif,0,0,True
341B.tif,0,0,True
342A.tif,0,0,True
342B.tif,1,0,False
343A.tif,1,0,False
343B.tif,1,0,False
344A.tif,1,1,True
344B.tif,1,1,True
345A.tif,1,0,False
345B.tif,1,0,False
346A.tif,1,1,True
346B.tif,1,1,True
347A.tif,1,1,True
347B.tif,1,1,True
348A.tif,1,1,True
348B.tif,1,1,True
349A.tif,1,1,True
349B.tif,1,1,True
34A.tif,1,1,True
34B.tif,1,1,True
350A.tif,1,1,True
350B.tif,1,1,True
351A.tif,0,0,True
351B.tif,0,0,True
352A.tif,1,1,True
352B.tif,1,0,False
353A.tif,1,0,False
353B.tif,1,1,True
354A.tif,0,0,True
354B.tif,0,0,True
355A.tif,0,0,True
355B.tif,0,0,True
356A.tif,0,0,True
356B.tif,0,0,True
357A.tif,1,0,False
357B.tif,0,0,True
358A.tif,1,1,True
358B.tif,1,1,True
359A.tif,0,0,True
359B.tif,0,0,True
35A.tif,1,1,True
35B.tif,1,0,False
360A.tif,1,0,False
360B.tif,0,0,True
361A.tif,0,0,True
361B.tif,0,0,True
362A.tif,0,0,True
362B.tif,0,0,True
363A.tif,1,1,True
363B.tif,1,1,True
364A.tif,1,1,True
364B.tif,1,1,True
365A.tif,1,1,True
365B.tif,1,1,True
366A.tif,0,0,True
366B.tif,0,0,True
367A.tif,0,0,True
367B.tif,0,0,True
368A.tif,0,0,True
368B.tif,0,0,True
369A.tif,1,1,True
369B.tif,1,1,True
36A.tif,1,1,True
36B.tif,1,1,True
370A.tif,1,1,True
370B.tif,0,0,True
371A.tif,1,1,True
371B.tif,1,1,True
372A.tif,1,1,True
372B.tif,1,1,True
373A.tif,0,0,True
373B.tif,0,0,True
374A.tif,0,0,True
374B.tif,0,0,True
375A.tif,1,0,False
375B.tif,0,0,True
376A.tif,1,0,False
376B.tif,1,0,False
377A.tif,1,1,True
377B.tif,1,1,True
378A.tif,1,1,True
378B.tif,1,0,False
379A.tif,0,0,True
379B.tif,0,0,True
37A.tif,1,0,False
37B.tif,1,0,False
380A.tif,1,0,False
380B.tif,1,0,False
381A.tif,1,1,True
381B.tif,1,1,True
382A.tif,1,1,True
382B.tif,1,1,True
383A.tif,1,0,False
383B.tif,1,0,False
384A.tif,1,1,True
384B.tif,0,0,True
385A.tif,1,1,True
385B.tif,1,1,True
386A.tif,1,0,False
386B.tif,1,0,False
387A.tif,1,1,True
387B.tif,1,1,True
388A.tif,0,0,True
388B.tif,0,0,True
389A.tif,1,1,True
389B.tif,1,1,True
38A.tif,1,1,True
38B.tif,1,0,False
390A.tif,1,0,False
390B.tif,1,1,True
391A.tif,1,1,True
391B.tif,1,1,True
392A.tif,0,0,True
392B.tif,0,0,True
393A.tif,1,0,False
393B.tif,1,0,False
394A.tif,1,0,False
394B.tif,1,0,False
395A.tif,1,0,False
395B.tif,1,1,True
396A.tif,1,0,False
396B.tif,1,0,False
397A.tif,1,0,False
397B.tif,1,1,True
398A.tif,0,0,True
398B.tif,0,0,True
399A.tif,1,1,True
399B.tif,1,1,True
39A.tif,0,0,True
39B.tif,0,0,True
3A.tif,0,0,True
3B.tif,1,1,True
400A.tif,0,0,True
400B.tif,0,0,True
401A.tif,1,1,True
401B.tif,1,1,True
402A.tif,0,0,True
402B.tif,0,0,True
403A.tif,1,0,False
403B.tif,1,0,False
404A.tif,1,1,True
404B.tif,1,1,True
405A.tif,0,0,True
405B.tif,0,0,True
406A.tif,1,1,True
406B.tif,1,1,True
407A.tif,0,0,True
407B.tif,0,0,True
408A.tif,1,1,True
408B.tif,1,1,True
409A.tif,1,1,True
409B.tif,1,1,True
40A.tif,1,1,True
40B.tif,1,1,True
410A.tif,0,0,True
410B.tif,0,0,True
411A.tif,0,1,False
411B.tif,0,0,True
412A.tif,1,1,True
412B.tif,1,1,True
413A.tif,1,1,True
413B.tif,1,1,True
414A.tif,0,0,True
414B.tif,0,0,True
415A.tif,0,0,True
415B.tif,0,0,True
416A.tif,0,0,True
416B.tif,0,0,True
417A.tif,1,0,False
417B.tif,1,0,False
418A.tif,0,0,True
418B.tif,0,0,True
419A.tif,0,0,True
419B.tif,0,0,True
41A.tif,1,0,False
41B.tif,1,1,True
420A.tif,0,0,True
420B.tif,0,0,True
421A.tif,1,0,False
421B.tif,1,0,False
422A.tif,1,1,True
422B.tif,1,1,True
423A.tif,1,1,True
423B.tif,1,0,False
424A.tif,1,1,True
424B.tif,1,1,True
425A.tif,1,0,False
425B.tif,1,0,False
426A.tif,1,1,True
426B.tif,1,1,True
427A.tif,1,0,False
427B.tif,1,1,True
428A.tif,1,1,True
428B.tif,1,1,True
429A.tif,1,1,True
429B.tif,1,1,True
42A.tif,0,0,True
42B.tif,0,0,True
430A.tif,0,0,True
430B.tif,0,0,True
431A.tif,1,0,False
431B.tif,1,0,False
432A.tif,1,1,True
432B.tif,1,1,True
433A.tif,1,1,True
433B.tif,0,0,True
434A.tif,1,1,True
434B.tif,1,1,True
435A.tif,0,1,False
435B.tif,1,0,False
436A.tif,1,0,False
436B.tif,1,0,False
437A.tif,1,1,True
437B.tif,1,1,True
438A.tif,1,0,False
438B.tif,1,0,False
439A.tif,1,1,True
439B.tif,1,1,True
43A.tif,1,1,True
43B.tif,1,1,True
440A.tif,0,0,True
440B.tif,0,0,True
441A.tif,1,1,True
441B.tif,1,1,True
442A.tif,1,0,False
442B.tif,1,0,False
443A.tif,1,0,False
443B.tif,1,1,True
444A.tif,1,1,True
444B.tif,1,1,True
445A.tif,1,1,True
445B.tif,1,1,True
446A.tif,0,0,True
446B.tif,0,0,True
447A.tif,1,1,True
447B.tif,1,1,True
448A.tif,1,1,True
448B.tif,1,1,True
449A.tif,1,1,True
449B.tif,1,1,True
44A.tif,1,1,True
44B.tif,1,1,True
450A.tif,0,0,True
450B.tif,0,0,True
451A.tif,0,0,True
451B.tif,0,0,True
452A.tif,1,0,False
452B.tif,1,0,False
453A.tif,0,0,True
453B.tif,1,0,False
454A.tif,0,0,True
454B.tif,0,0,True
455A.tif,1,1,True
455B.tif,1,0,False
456A.tif,0,0,True
456B.tif,0,0,True
457A.tif,1,0,False
457B.tif,1,0,False
458A.tif,1,1,True
458B.tif,1,0,False
459A.tif,1,1,True
459B.tif,1,1,True
45A.tif,1,0,False
45B.tif,1,0,False
460A.tif,1,1,True
460B.tif,1,1,True
461A.tif,0,0,True
461B.tif,0,0,True
462A.tif,1,1,True
462B.tif,1,1,True
463A.tif,1,1,True
463B.tif,1,1,True
464A.tif,1,1,True
464B.tif,1,1,True
465A.tif,1,0,False
465B.tif,1,0,False
466A.tif,0,0,True
466B.tif,1,0,False
467A.tif,0,0,True
467B.tif,0,0,True
468A.tif,1,1,True
468B.tif,1,1,True
469A.tif,0,0,True
469B.tif,0,0,True
46A.tif,1,0,False
46B.tif,1,1,True
470A.tif,0,0,True
470B.tif,1,0,False
471A.tif,1,1,True
471B.tif,1,1,True
472A.tif,1,1,True
472B.tif,1,1,True
473A.tif,0,0,True
473B.tif,0,0,True
474A.tif,1,0,False
474B.tif,1,0,False
475A.tif,1,0,False
475B.tif,0,0,True
476A.tif,1,1,True
476B.tif,1,1,True
477A.tif,0,0,True
477B.tif,0,0,True
478A.tif,1,1,True
478B.tif,1,1,True
479A.tif,1,1,True
479B.tif,1,1,True
47A.tif,1,1,True
47B.tif,1,1,True
480A.tif,1,1,True
480B.tif,1,1,True
481A.tif,0,0,True
481B.tif,0,0,True
482A.tif,1,1,True
482B.tif,1,1,True
483A.tif,0,0,True
483B.tif,0,0,True
484A.tif,1,0,False
484B.tif,0,0,True
485A.tif,1,1,True
485B.tif,1,1,True
486A.tif,0,0,True
486B.tif,0,0,True
487A.tif,1,1,True
487B.tif,1,1,True
488A.tif,0,0,True
488B.tif,1,0,False
489A.tif,1,1,True
489B.tif,1,1,True
48A.tif,1,1,True
48B.tif,1,1,True
490A.tif,1,1,True
490B.tif,1,1,True
491A.tif,0,0,True
491B.tif,0,0,True
492A.tif,1,1,True
492B.tif,1,1,True
493A.tif,0,0,True
493B.tif,0,0,True
494A.tif,1,0,False
494B.tif,1,0,False
495A.tif,0,0,True
495B.tif,1,0,False
496A.tif,1,1,True
496B.tif,1,1,True
497A.tif,1,1,True
497B.tif,1,1,True
498A.tif,0,0,True
498B.tif,1,1,True
499A.tif,1,1,True
499B.tif,1,1,True
49A.tif,1,0,False
49B.tif,1,0,False
4A.tif,0,0,True
4B.tif,0,0,True
500A.tif,1,1,True
500B.tif,1,1,True
501A.tif,0,0,True
501B.tif,0,0,True
502A.tif,0,0,True
502B.tif,0,0,True
503A.tif,1,1,True
503B.tif,1,1,True
504A.tif,1,1,True
504B.tif,1,1,True
505A.tif,1,1,True
505B.tif,1,1,True
506A.tif,0,1,False
506B.tif,1,1,True
507A.tif,1,1,True
507B.tif,1,0,False
508A.tif,1,0,False
508B.tif,1,0,False
509A.tif,1,0,False
509B.tif,1,0,False
50A.tif,1,1,True
50B.tif,1,1,True
510A.tif,0,0,True
510B.tif,1,1,True
511A.tif,0,0,True
511B.tif,1,1,True
512A.tif,1,1,True
512B.tif,1,1,True
513A.tif,0,0,True
513B.tif,0,0,True
514A.tif,1,1,True
514B.tif,1,1,True
515A.tif,1,0,False
515B.tif,1,0,False
516A.tif,1,1,True
516B.tif,1,1,True
517A.tif,1,0,False
517B.tif,1,0,False
518A.tif,1,1,True
518B.tif,1,1,True
519A.tif,1,1,True
519B.tif,1,0,False
51A.tif,1,0,False
51B.tif,1,0,False
520A.tif,1,0,False
520B.tif,1,0,False
521A.tif,0,0,True
521B.tif,1,1,True
522A.tif,1,1,True
522B.tif,1,0,False
523A.tif,1,0,False
523B.tif,1,0,False
524A.tif,1,1,True
524B.tif,1,1,True
525A.tif,1,0,False
525B.tif,0,0,True
526A.tif,0,0,True
526B.tif,1,1,True
527A.tif,0,0,True
527B.tif,1,1,True
528A.tif,1,1,True
528B.tif,1,1,True
529A.tif,0,0,True
529B.tif,0,0,True
52A.tif,1,1,True
52B.tif,1,0,False
530A.tif,1,0,False
530B.tif,1,1,True
531A.tif,1,0,False
531B.tif,1,0,False
532A.tif,1,1,True
532B.tif,0,1,False
533A.tif,1,1,True
533B.tif,1,1,True
534A.tif,1,0,False
534B.tif,1,0,False
535A.tif,1,1,True
535B.tif,1,1,True
536A.tif,1,1,True
536B.tif,1,1,True
537A.tif,1,0,False
537B.tif,0,0,True
538A.tif,0,0,True
538B.tif,1,0,False
539A.tif,1,0,False
539B.tif,1,0,False
53A.tif,1,1,True
53B.tif,1,1,True
540A.tif,1,1,True
540B.tif,1,1,True
541A.tif,1,1,True
541B.tif,1,1,True
542A.tif,1,0,False
542B.tif,1,1,True
543A.tif,0,0,True
543B.tif,0,0,True
544A.tif,1,1,True
544B.tif,1,1,True
545A.tif,1,1,True
545B.tif,1,1,True
546A.tif,0,0,True
546B.tif,0,0,True
547A.tif,1,1,True
547B.tif,1,1,True
548A.tif,1,1,True
548B.tif,1,0,False
549A.tif,1,1,True
549B.tif,1,0,False
54A.tif,1,0,False
54B.tif,1,0,False
550A.tif,1,1,True
550B.tif,1,1,True
551A.tif,1,1,True
551B.tif,1,1,True
552A.tif,1,0,False
552B.tif,1,0,False
553A.tif,0,0,True
553B.tif,0,0,True
554A.tif,1,1,True
554B.tif,1,0,False
555A.tif,1,1,True
555B.tif,1,1,True
556A.tif,0,0,True
556B.tif,1,1,True
557A.tif,1,0,False
557B.tif,1,0,False
558A.tif,0,0,True
558B.tif,1,0,False
559A.tif,0,0,True
559B.tif,0,0,True
55A.tif,0,0,True
55B.tif,0,0,True
560A.tif,1,1,True
560B.tif,1,1,True
561A.tif,1,1,True
561B.tif,1,1,True
562A.tif,1,1,True
562B.tif,1,1,True
563A.tif,1,1,True
563B.tif,1,1,True
564A.tif,1,1,True
564B.tif,1,0,False
565A.tif,0,0,True
565B.tif,0,0,True
566A.tif,1,1,True
566B.tif,0,0,True
567A.tif,1,0,False
567B.tif,0,0,True
568A.tif,1,1,True
568B.tif,1,1,True
569A.tif,1,1,True
569B.tif,1,1,True
56A.tif,0,0,True
56B.tif,0,0,True
570A.tif,1,1,True
570B.tif,1,1,True
571A.tif,0,0,True
571B.tif,0,0,True
572A.tif,0,0,True
572B.tif,0,0,True
573A.tif,1,0,False
573B.tif,0,0,True
574A.tif,1,1,True
574B.tif,1,1,True
575A.tif,0,0,True
575B.tif,0,0,True
576A.tif,1,1,True
576B.tif,1,1,True
577A.tif,1,0,False
577B.tif,1,0,False
578A.tif,1,0,False
578B.tif,0,0,True
579A.tif,1,0,False
579B.tif,1,0,False
57A.tif,0,0,True
57B.tif,1,0,False
580A.tif,1,1,True
580B.tif,1,0,False
581A.tif,0,0,True
581B.tif,1,1,True
582A.tif,1,0,False
582B.tif,1,0,False
583A.tif,1,0,False
583B.tif,1,0,False
584A.tif,1,1,True
584B.tif,1,1,True
585A.tif,1,1,True
585B.tif,1,0,False
586A.tif,1,0,False
586B.tif,0,0,True
587A.tif,1,1,True
587B.tif,1,1,True
588A.tif,1,1,True
588B.tif,1,1,True
589A.tif,1,1,True
589B.tif,1,1,True
58A.tif,0,0,True
58B.tif,0,0,True
590A.tif,1,1,True
590B.tif,1,0,False
591A.tif,1,1,True
591B.tif,1,1,True
592A.tif,0,0,True
592B.tif,0,0,True
593A.tif,1,1,True
593B.tif,1,1,True
594A.tif,0,0,True
594B.tif,0,0,True
595A.tif,0,0,True
595B.tif,0,0,True
596A.tif,0,0,True
596B.tif,1,0,False
597A.tif,0,0,True
597B.tif,1,0,False
598A.tif,1,0,False
598B.tif,1,0,False
599A.tif,1,0,False
599B.tif,1,0,False
59A.tif,1,1,True
59B.tif,1,1,True
5A.tif,1,0,False
5B.tif,1,0,False
600A.tif,0,0,True
600B.tif,0,0,True
601A.tif,1,0,False
601B.tif,0,0,True
602A.tif,1,1,True
602B.tif,1,1,True
603A.tif,0,0,True
603B.tif,0,0,True
604A.tif,1,0,False
604B.tif,1,0,False
605A.tif,1,1,True
605B.tif,1,1,True
606A.tif,1,0,False
606B.tif,1,0,False
607A.tif,1,1,True
607B.tif,1,0,False
608A.tif,1,0,False
608B.tif,0,0,True
609A.tif,1,0,False
609B.tif,0,0,True
60A.tif,1,0,False
60B.tif,1,0,False
610A.tif,1,0,False
610B.tif,0,0,True
611A.tif,1,1,True
611B.tif,1,1,True
612A.tif,0,0,True
612B.tif,0,0,True
613A.tif,1,0,False
613B.tif,1,0,False
614A.tif,0,0,True
614B.tif,1,1,True
615A.tif,1,0,False
615B.tif,0,0,True
616A.tif,1,1,True
616B.tif,1,0,False
617A.tif,1,0,False
617B.tif,1,0,False
618A.tif,0,0,True
618B.tif,0,0,True
619A.tif,1,0,False
619B.tif,1,0,False
61A.tif,0,0,True
61B.tif,0,0,True
620A.tif,0,0,True
620B.tif,0,0,True
621A.tif,1,1,True
621B.tif,1,1,True
622A.tif,1,1,True
622B.tif,1,1,True
623A.tif,1,1,True
623B.tif,1,1,True
624A.tif,0,0,True
624B.tif,0,0,True
625A.tif,0,0,True
625B.tif,0,0,True
626A.tif,1,1,True
626B.tif,1,1,True
627A.tif,1,1,True
627B.tif,1,1,True
628A.tif,1,1,True
628B.tif,1,1,True
629A.tif,1,1,True
629B.tif,1,1,True
62A.tif,1,1,True
62B.tif,1,1,True
630A.tif,1,0,False
630B.tif,1,1,True
631A.tif,1,1,True
631B.tif,1,0,False
632A.tif,1,1,True
632B.tif,1,1,True
633A.tif,1,1,True
633B.tif,1,1,True
634A.tif,0,0,True
634B.tif,0,0,True
635A.tif,0,0,True
635B.tif,1,1,True
636A.tif,1,0,False
636B.tif,1,0,False
637A.tif,1,1,True
637B.tif,1,1,True
638A.tif,1,1,True
638B.tif,1,1,True
639A.tif,1,0,False
639B.tif,1,0,False
63A.tif,1,1,True
63B.tif,0,0,True
640A.tif,0,1,False
640B.tif,0,0,True
641A.tif,0,0,True
641B.tif,0,0,True
642A.tif,1,1,True
642B.tif,1,1,True
643A.tif,1,1,True
643B.tif,1,1,True
644A.tif,0,0,True
644B.tif,0,0,True
645A.tif,1,1,True
645B.tif,1,1,True
646A.tif,1,0,False
646B.tif,1,0,False
647A.tif,1,0,False
647B.tif,0,0,True
648A.tif,1,0,False
648B.tif,1,0,False
649A.tif,0,0,True
649B.tif,1,1,True
64A.tif,0,0,True
64B.tif,0,0,True
650A.tif,1,0,False
650B.tif,1,0,False
651A.tif,1,1,True
651B.tif,1,1,True
652A.tif,1,1,True
652B.tif,1,1,True
653A.tif,1,0,False
653B.tif,0,0,True
654A.tif,0,0,True
654B.tif,0,0,True
655A.tif,0,0,True
655B.tif,0,0,True
656A.tif,1,1,True
656B.tif,1,0,False
657A.tif,1,1,True
657B.tif,1,1,True
658A.tif,1,0,False
658B.tif,1,0,False
659A.tif,1,0,False
659B.tif,1,1,True
65A.tif,1,1,True
65B.tif,1,1,True
660A.tif,0,0,True
660B.tif,0,0,True
661A.tif,1,1,True
661B.tif,1,1,True
662A.tif,1,1,True
662B.tif,1,1,True
663A.tif,0,0,True
663B.tif,0,0,True
664A.tif,0,0,True
664B.tif,0,0,True
665A.tif,1,1,True
665B.tif,1,1,True
666A.tif,1,1,True
666B.tif,1,1,True
667A.tif,1,1,True
667B.tif,1,0,False
668A.tif,1,1,True
668B.tif,1,1,True
669A.tif,1,0,False
669B.tif,1,0,False
66A.tif,1,1,True
66B.tif,1,1,True
670A.tif,1,0,False
670B.tif,1,0,False
671A.tif,1,0,False
671B.tif,0,0,True
672A.tif,1,0,False
672B.tif,0,0,True
673A.tif,1,1,True
673B.tif,1,1,True
674A.tif,1,0,False
674B.tif,1,1,True
675A.tif,1,1,True
675B.tif,1,1,True
676A.tif,1,0,False
676B.tif,1,1,True
677A.tif,0,0,True
677B.tif,0,0,True
678A.tif,0,0,True
678B.tif,0,0,True
679A.tif,1,0,False
679B.tif,1,1,True
67A.tif,0,0,True
67B.tif,1,0,False
680A.tif,0,0,True
680B.tif,0,0,True
681A.tif,0,0,True
681B.tif,0,0,True
682A.tif,0,0,True
682B.tif,0,0,True
683A.tif,0,0,True
683B.tif,0,0,True
684A.tif,1,0,False
684B.tif,1,0,False
685A.tif,0,0,True
685B.tif,0,0,True
686A.tif,1,1,True
686B.tif,1,1,True
687A.tif,1,1,True
687B.tif,1,1,True
688A.tif,1,0,False
688B.tif,1,0,False
689A.tif,0,0,True
689B.tif,0,0,True
68A.tif,0,0,True
68B.tif,1,0,False
690A.tif,1,1,True
690B.tif,1,1,True
691A.tif,1,0,False
691B.tif,1,1,True
692A.tif,1,1,True
692B.tif,1,1,True
693A.tif,1,1,True
693B.tif,1,1,True
694A.tif,1,1,True
694B.tif,1,1,True
695A.tif,1,0,False
695B.tif,1,0,False
696A.tif,1,1,True
696B.tif,1,0,False
697A.tif,1,0,False
697B.tif,1,0,False
698A.tif,0,0,True
698B.tif,0,0,True
699A.tif,1,1,True
699B.tif,1,1,True
69A.tif,1,1,True
69B.tif,1,0,False
6A.tif,1,0,False
6B.tif,1,1,True
700A.tif,0,0,True
700B.tif,1,1,True
701A.tif,1,1,True
701B.tif,1,1,True
702A.tif,0,0,True
702B.tif,0,0,True
703A.tif,1,0,False
703B.tif,1,0,False
704A.tif,1,1,True
704B.tif,1,1,True
705A.tif,0,0,True
705B.tif,0,0,True
706A.tif,1,1,True
706B.tif,1,1,True
707A.tif,0,0,True
707B.tif,0,0,True
708A.tif,1,0,False
708B.tif,1,0,False
709A.tif,0,0,True
709B.tif,0,0,True
70A.tif,1,0,False
70B.tif,1,0,False
710A.tif,0,0,True
710B.tif,0,0,True
711A.tif,1,1,True
711B.tif,1,1,True
712A.tif,1,0,False
712B.tif,1,0,False
713A.tif,1,0,False
713B.tif,1,0,False
714A.tif,1,1,True
714B.tif,1,0,False
715A.tif,0,0,True
715B.tif,0,0,True
716A.tif,0,0,True
716B.tif,1,0,False
717A.tif,1,1,True
717B.tif,1,0,False
718A.tif,0,0,True
718B.tif,0,0,True
719A.tif,1,1,True
719B.tif,1,1,True
71A.tif,1,1,True
71B.tif,1,1,True
720A.tif,1,1,True
720B.tif,1,1,True
721A.tif,0,0,True
721B.tif,0,0,True
722A.tif,0,0,True
722B.tif,0,0,True
723A.tif,1,1,True
723B.tif,0,0,True
724A.tif,0,0,True
724B.tif,0,0,True
725A.tif,1,0,False
725B.tif,1,0,False
726A.tif,1,1,True
726B.tif,1,1,True
727A.tif,1,1,True
727B.tif,1,1,True
728A.tif,1,1,True
728B.tif,1,1,True
729A.tif,1,0,False
729B.tif,0,0,True
72A.tif,0,0,True
72B.tif,0,0,True
730A.tif,1,1,True
730B.tif,1,1,True
731A.tif,0,0,True
731B.tif,1,0,False
732A.tif,0,0,True
732B.tif,1,1,True
733A.tif,1,1,True
733B.tif,1,1,True
734A.tif,1,1,True
734B.tif,1,1,True
735A.tif,0,0,True
735B.tif,0,0,True
736A.tif,1,1,True
736B.tif,1,1,True
737A.tif,1,0,False
737B.tif,1,0,False
738A.tif,1,1,True
738B.tif,1,1,True
739A.tif,1,0,False
739B.tif,1,1,True
73A.tif,0,0,True
73B.tif,0,0,True
740A.tif,0,0,True
740B.tif,0,0,True
741A.tif,1,1,True
741B.tif,1,1,True
742A.tif,1,1,True
742B.tif,0,0,True
743A.tif,1,1,True
743B.tif,1,1,True
744A.tif,1,0,False
744B.tif,1,1,True
745A.tif,1,0,False
745B.tif,1,1,True
746A.tif,0,0,True
746B.tif,0,0,True
747A.tif,0,0,True
747B.tif,0,0,True
748A.tif,1,0,False
748B.tif,1,0,False
749A.tif,1,1,True
749B.tif,1,1,True
74A.tif,1,0,False
74B.tif,1,0,False
750A.tif,0,0,True
750B.tif,0,0,True
751A.tif,1,1,True
751B.tif,1,1,True
752A.tif,1,0,False
752B.tif,1,0,False
753A.tif,1,0,False
753B.tif,1,0,False
754A.tif,1,1,True
754B.tif,1,1,True
755A.tif,1,0,False
755B.tif,1,1,True
756A.tif,1,1,True
756B.tif,1,1,True
757A.tif,1,1,True
757B.tif,1,1,True
758A.tif,1,1,True
758B.tif,1,1,True
759A.tif,1,0,False
759B.tif,1,0,False
75A.tif,0,0,True
75B.tif,0,0,True
760A.tif,1,1,True
760B.tif,1,1,True
761A.tif,1,0,False
761B.tif,1,0,False
762A.tif,1,0,False
762B.tif,1,0,False
763A.tif,1,1,True
763B.tif,1,1,True
764A.tif,1,0,False
764B.tif,1,0,False
765A.tif,1,0,False
765B.tif,0,0,True
766A.tif,0,0,True
766B.tif,1,0,False
767A.tif,0,0,True
767B.tif,0,0,True
768A.tif,1,1,True
768B.tif,1,0,False
769A.tif,0,0,True
769B.tif,0,0,True
76A.tif,1,0,False
76B.tif,1,0,False
770A.tif,1,0,False
770B.tif,0,0,True
771A.tif,1,0,False
771B.tif,1,1,True
772A.tif,1,1,True
772B.tif,0,0,True
773A.tif,1,0,False
773B.tif,1,0,False
774A.tif,0,0,True
774B.tif,0,0,True
775A.tif,1,0,False
775B.tif,0,0,True
776A.tif,0,0,True
776B.tif,1,0,False
777A.tif,1,1,True
777B.tif,1,1,True
778A.tif,1,0,False
778B.tif,1,0,False
779A.tif,1,0,False
779B.tif,1,1,True
77A.tif,0,0,True
77B.tif,0,0,True
780A.tif,1,0,False
780B.tif,1,0,False
781A.tif,1,0,False
781B.tif,0,0,True
782A.tif,1,0,False
782B.tif,1,1,True
783A.tif,1,0,False
783B.tif,0,0,True
784A.tif,0,0,True
784B.tif,0,0,True
785A.tif,0,0,True
785B.tif,0,0,True
786A.tif,0,0,True
786B.tif,0,0,True
787A.tif,1,1,True
787B.tif,1,1,True
788A.tif,1,0,False
788B.tif,1,0,False
789A.tif,1,0,False
789B.tif,1,1,True
78A.tif,1,0,False
78B.tif,1,0,False
790A.tif,1,0,False
790B.tif,1,1,True
791A.tif,1,0,False
791B.tif,1,1,True
792A.tif,0,0,True
792B.tif,0,0,True
793A.tif,1,0,False
793B.tif,0,0,True
794A.tif,1,0,False
794B.tif,1,1,True
795A.tif,1,0,False
795B.tif,0,0,True
796A.tif,1,0,False
796B.tif,1,1,True
797A.tif,0,0,True
797B.tif,0,0,True
798A.tif,0,1,False
798B.tif,1,1,True
799A.tif,1,1,True
799B.tif,1,1,True
79A.tif,1,0,False
79B.tif,1,1,True
7A.tif,1,0,False
7B.tif,0,0,True
800A.tif,1,0,False
800B.tif,1,0,False
801A.tif,1,1,True
801B.tif,1,1,True
802A.tif,0,0,True
802B.tif,0,0,True
803A.tif,0,0,True
803B.tif,0,0,True
804A.tif,0,0,True
804B.tif,1,1,True
805A.tif,1,0,False
805B.tif,1,0,False
806A.tif,0,0,True
806B.tif,0,0,True
807A.tif,1,1,True
807B.tif,1,1,True
808A.tif,1,0,False
808B.tif,1,1,True
809A.tif,1,1,True
809B.tif,1,1,True
80A.tif,0,0,True
80B.tif,1,0,False
810A.tif,1,1,True
810B.tif,1,1,True
811A.tif,0,0,True
811B.tif,0,0,True
812A.tif,0,0,True
812B.tif,0,0,True
813A.tif,1,0,False
813B.tif,1,0,False
814A.tif,0,0,True
814B.tif,1,0,False
815A.tif,1,1,True
815B.tif,1,1,True
816A.tif,1,0,False
816B.tif,1,0,False
817A.tif,0,0,True
817B.tif,1,1,True
818A.tif,1,0,False
818B.tif,1,1,True
819A.tif,1,0,False
819B.tif,1,0,False
81A.tif,1,1,True
81B.tif,1,1,True
820A.tif,1,1,True
820B.tif,1,1,True
821A.tif,1,0,False
821B.tif,1,0,False
822A.tif,0,0,True
822B.tif,0,0,True
823A.tif,1,1,True
823B.tif,1,1,True
824A.tif,1,0,False
824B.tif,0,0,True
825A.tif,1,0,False
825B.tif,0,0,True
826A.tif,1,1,True
826B.tif,1,1,True
827A.tif,0,0,True
827B.tif,1,1,True
828A.tif,0,0,True
828B.tif,0,0,True
829A.tif,1,0,False
829B.tif,1,0,False
82A.tif,1,1,True
82B.tif,1,1,True
830A.tif,1,1,True
830B.tif,0,0,True
831A.tif,0,0,True
831B.tif,0,0,True
832A.tif,1,1,True
832B.tif,1,1,True
833A.tif,1,1,True
833B.tif,1,1,True
834A.tif,1,0,False
834B.tif,0,0,True
835A.tif,1,1,True
835B.tif,1,0,False
836A.tif,0,0,True
836B.tif,0,0,True
837A.tif,0,0,True
837B.tif,0,0,True
838A.tif,1,0,False
838B.tif,1,0,False
839A.tif,0,0,True
839B.tif,0,0,True
83A.tif,1,1,True
83B.tif,1,1,True
840A.tif,1,1,True
840B.tif,1,0,False
841A.tif,0,0,True
841B.tif,0,0,True
842A.tif,1,1,True
842B.tif,1,1,True
843A.tif,0,0,True
843B.tif,1,0,False
844A.tif,1,0,False
844B.tif,1,0,False
845A.tif,0,0,True
845B.tif,0,0,True
846A.tif,0,0,True
846B.tif,0,0,True
847A.tif,0,0,True
847B.tif,0,0,True
848A.tif,0,0,True
848B.tif,1,1,True
849A.tif,1,0,False
849B.tif,1,0,False
84A.tif,1,1,True
84B.tif,1,1,True
850A.tif,0,0,True
850B.tif,0,0,True
851A.tif,1,1,True
851B.tif,1,1,True
852A.tif,1,0,False
852B.tif,1,1,True
853A.tif,1,1,True
853B.tif,1,1,True
854A.tif,0,0,True
854B.tif,0,0,True
855A.tif,1,1,True
855B.tif,1,1,True
856A.tif,1,0,False
856B.tif,1,0,False
857A.tif,0,0,True
857B.tif,1,0,False
858A.tif,1,0,False
858B.tif,1,0,False
859A.tif,1,0,False
859B.tif,1,0,False
85A.tif,1,1,True
85B.tif,1,1,True
860A.tif,0,0,True
860B.tif,1,0,False
861A.tif,1,1,True
861B.tif,1,1,True
862A.tif,1,0,False
862B.tif,0,0,True
863A.tif,1,0,False
863B.tif,1,1,True
864A.tif,1,1,True
864B.tif,1,1,True
865A.tif,0,0,True
865B.tif,1,0,False
866A.tif,1,1,True
866B.tif,0,0,True
867A.tif,0,0,True
867B.tif,0,0,True
868A.tif,0,0,True
868B.tif,0,0,True
869A.tif,1,1,True
869B.tif,1,0,False
86A.tif,1,1,True
86B.tif,1,1,True
870A.tif,1,0,False
870B.tif,1,0,False
871A.tif,1,0,False
871B.tif,1,0,False
872A.tif,0,0,True
872B.tif,0,0,True
873A.tif,0,0,True
873B.tif,0,0,True
874A.tif,1,1,True
874B.tif,1,1,True
875A.tif,0,0,True
875B.tif,0,0,True
876A.tif,0,0,True
876B.tif,0,0,True
877A.tif,0,0,True
877B.tif,0,0,True
878A.tif,0,0,True
878B.tif,0,0,True
879A.tif,1,1,True
879B.tif,1,0,False
87A.tif,1,1,True
87B.tif,1,1,True
880A.tif,0,0,True
880B.tif,0,0,True
881A.tif,1,0,False
881B.tif,1,0,False
882A.tif,1,0,False
882B.tif,1,0,False
883A.tif,1,0,False
883B.tif,0,0,True
884A.tif,1,0,False
884B.tif,1,0,False
885A.tif,1,0,False
885B.tif,1,1,True
886A.tif,1,0,False
886B.tif,1,0,False
887A.tif,0,0,True
887B.tif,0,0,True
888A.tif,1,0,False
888B.tif,1,0,False
889A.tif,1,1,True
889B.tif,1,1,True
88A.tif,0,0,True
88B.tif,0,0,True
890A.tif,1,1,True
890B.tif,1,1,True
891A.tif,1,0,False
891B.tif,1,0,False
892A.tif,1,1,True
892B.tif,0,0,True
893A.tif,1,0,False
893B.tif,1,0,False
894A.tif,1,1,True
894B.tif,1,1,True
895A.tif,1,0,False
895B.tif,1,0,False
896A.tif,0,0,True
896B.tif,0,0,True
897A.tif,1,0,False
897B.tif,1,0,False
898A.tif,0,0,True
898B.tif,0,0,True
899A.tif,0,0,True
899B.tif,0,0,True
89A.tif,1,0,False
89B.tif,1,0,False
8A.tif,1,1,True
8B.tif,1,1,True
900A.tif,1,1,True
900B.tif,1,1,True
901A.tif,1,0,False
901B.tif,1,1,True
902A.tif,1,1,True
902B.tif,1,1,True
903A.tif,1,1,True
903B.tif,1,0,False
904A.tif,1,1,True
904B.tif,1,1,True
905A.tif,1,0,False
905B.tif,1,0,False
906A.tif,1,1,True
906B.tif,1,1,True
907A.tif,0,0,True
907B.tif,1,0,False
908A.tif,0,0,True
908B.tif,1,0,False
909A.tif,1,1,True
909B.tif,1,0,False
90A.tif,1,0,False
90B.tif,1,1,True
910A.tif,1,1,True
910B.tif,1,1,True
911A.tif,1,1,True
911B.tif,1,1,True
912A.tif,0,0,True
912B.tif,0,0,True
913A.tif,1,1,True
913B.tif,1,1,True
914A.tif,1,1,True
914B.tif,1,1,True
915A.tif,1,1,True
915B.tif,0,0,True
916A.tif,1,1,True
916B.tif,1,1,True
917A.tif,0,0,True
917B.tif,0,0,True
918A.tif,1,0,False
918B.tif,1,1,True
919A.tif,1,1,True
919B.tif,1,1,True
91A.tif,1,0,False
91B.tif,1,0,False
920A.tif,0,0,True
920B.tif,0,0,True
921A.tif,1,1,True
921B.tif,1,1,True
922A.tif,0,0,True
922B.tif,0,0,True
923A.tif,1,1,True
923B.tif,1,0,False
924A.tif,1,0,False
924B.tif,1,1,True
925A.tif,0,0,True
925B.tif,1,0,False
926A.tif,1,1,True
926B.tif,1,1,True
927A.tif,0,0,True
927B.tif,0,0,True
928A.tif,1,1,True
928B.tif,1,1,True
929A.tif,0,0,True
929B.tif,0,0,True
92A.tif,1,1,True
92B.tif,1,1,True
930A.tif,1,0,False
930B.tif,1,0,False
931A.tif,1,1,True
931B.tif,1,0,False
932A.tif,0,0,True
932B.tif,0,0,True
933A.tif,1,1,True
933B.tif,1,1,True
934A.tif,1,0,False
934B.tif,0,0,True
935A.tif,1,1,True
935B.tif,1,1,True
936A.tif,0,0,True
936B.tif,0,0,True
937A.tif,1,0,False
937B.tif,1,1,True
938A.tif,0,0,True
938B.tif,0,0,True
939A.tif,0,0,True
939B.tif,0,0,True
93A.tif,1,1,True
93B.tif,1,1,True
940A.tif,0,0,True
940B.tif,0,0,True
941A.tif,0,0,True
941B.tif,0,0,True
942A.tif,1,1,True
942B.tif,1,1,True
943A.tif,0,0,True
943B.tif,1,1,True
944A.tif,0,0,True
944B.tif,0,0,True
945A.tif,1,0,False
945B.tif,1,0,False
946A.tif,1,0,False
946B.tif,1,0,False
947A.tif,1,1,True
947B.tif,1,1,True
948A.tif,1,1,True
948B.tif,1,1,True
949A.tif,1,1,True
949B.tif,0,0,True
94A.tif,1,0,False
94B.tif,1,0,False
950A.tif,1,0,False
950B.tif,1,1,True
951A.tif,0,0,True
951B.tif,0,0,True
952A.tif,0,0,True
952B.tif,0,0,True
953A.tif,1,1,True
953B.tif,1,1,True
954A.tif,0,0,True
954B.tif,0,0,True
955A.tif,0,0,True
955B.tif,0,0,True
956A.tif,1,0,False
956B.tif,0,0,True
957A.tif,1,1,True
957B.tif,1,0,False
958A.tif,0,0,True
958B.tif,0,0,True
959A.tif,1,0,False
959B.tif,1,0,False
95A.tif,1,0,False
95B.tif,1,1,True
960A.tif,1,0,False
960B.tif,1,1,True
961A.tif,1,0,False
961B.tif,1,0,False
962A.tif,1,0,False
962B.tif,1,0,False
963A.tif,0,0,True
963B.tif,1,1,True
964A.tif,1,0,False
964B.tif,1,0,False
965A.tif,1,1,True
965B.tif,1,1,True
966A.tif,0,0,True
966B.tif,1,0,False
967A.tif,1,0,False
967B.tif,1,0,False
968A.tif,1,1,True
968B.tif,1,1,True
969A.tif,1,1,True
969B.tif,1,1,True
96A.tif,1,1,True
96B.tif,1,1,True
970A.tif,1,1,True
970B.tif,1,1,True
971A.tif,1,0,False
971B.tif,0,0,True
972A.tif,0,0,True
972B.tif,1,0,False
973A.tif,1,1,True
973B.tif,1,1,True
974A.tif,1,1,True
974B.tif,1,1,True
975A.tif,1,1,True
975B.tif,1,0,False
976A.tif,1,1,True
976B.tif,1,1,True
977A.tif,0,0,True
977B.tif,1,0,False
978A.tif,0,0,True
978B.tif,0,0,True
979A.tif,0,0,True
979B.tif,1,0,False
97A.tif,1,1,True
97B.tif,1,1,True
980A.tif,1,0,False
980B.tif,1,1,True
981A.tif,0,0,True
981B.tif,1,1,True
982A.tif,1,1,True
982B.tif,1,1,True
983A.tif,0,0,True
983B.tif,1,1,True
984A.tif,0,0,True
984B.tif,0,0,True
985A.tif,0,0,True
985B.tif,1,0,False
986A.tif,1,1,True
986B.tif,1,0,False
987A.tif,1,1,True
987B.tif,1,1,True
988A.tif,1,0,False
988B.tif,1,1,True
989A.tif,1,1,True
989B.tif,1,1,True
98A.tif,1,1,True
98B.tif,1,1,True
990A.tif,1,1,True
990B.tif,1,1,True
991A.tif,0,0,True
991B.tif,0,0,True
992A.tif,1,0,False
992B.tif,0,0,True
993A.tif,1,1,True
993B.tif,1,1,True
994A.tif,1,1,True
994B.tif,1,1,True
995A.tif,1,1,True
995B.tif,1,0,False
996A.tif,0,0,True
996B.tif,1,0,False
997A.tif,0,0,True
997B.tif,0,0,True
998A.tif,1,0,False
998B.tif,1,0,False
999A.tif,1,1,True
999B.tif,1,1,True
99A.tif,1,0,False
99B.tif,1,1,True
9A.tif,1,1,True
9B.tif,1,1,True
